name,gen,type1,type2,hp,attack,defense,sp_atk,sp_def,speed,total,is_legendary
Bulbasaur,1,Grass,Poison,45,49,49,65,65,45,318,False
Ivysaur,1,Grass,Poison,60,62,63,80,80,60,405,False
Venusaur,1,Grass,Poison,80,82,83,100,100,80,525,False
Charmander,1,Fire,,39,52,43,60,50,65,309,False
Charmeleon,1,Fire,,58,64,58,80,65,80,405,False
Charizard,1,Fire,Flying,78,84,78,109,85,100,534,False
Squirtle,1,Water,,44,48,65,50,64,43,314,False
Wartortle,1,Water,,59,63,80,65,80,58,405,False
Blastoise,1,Water,,79,83,100,85,105,78,530,False
Caterpie,1,Bug,,45,30,35,20,20,45,195,False
Metapod,1,Bug,,50,20,55,25,25,30,205,False
Butterfree,1,Bug,Flying,60,45,50,90,80,70,395,False
Weedle,1,Bug,Poison,40,35,30,20,20,50,195,False
Kakuna,1,Bug,Poison,45,25,50,25,25,35,205,False
Beedrill,1,Bug,Poison,65,90,40,45,80,75,395,False
Pidgey,1,Normal,Flying,40,45,40,35,35,56,251,False
Pidgeotto,1,Normal,Flying,63,60,55,50,50,71,349,False
Pidgeot,1,Normal,Flying,83,80,75,70,70,101,479,False
Rattata,1,Normal,,30,56,35,25,35,72,253,False
Raticate,1,Normal,,55,81,60,50,70,97,413,False
Spearow,1,Normal,Flying,40,60,30,31,31,70,262,False
Fearow,1,Normal,Flying,65,90,65,61,61,100,442,False
Ekans,1,Poison,,35,60,44,40,54,55,288,False
Arbok,1,Poison,,60,95,69,65,79,80,448,False
Pikachu,1,Electric,,35,55,40,50,50,90,320,False
Raichu,1,Electric,,60,90,55,90,80,110,485,False
Sandshrew,1,Ground,,50,75,85,20,30,40,300,False
Sandslash,1,Ground,,75,100,110,45,55,65,450,False
Nidoran,1,Poison,,55,47,52,40,40,41,275,False
Nidorina,1,Poison,,70,62,67,55,55,56,365,False
Nidoqueen,1,Poison,Ground,90,92,87,75,85,76,505,False
Nidoran,1,Poison,,46,57,40,40,40,50,273,False
Nidorino,1,Poison,,61,72,57,55,55,65,365,False
Nidoking,1,Poison,Ground,81,102,77,85,75,85,505,False
Clefairy,1,Fairy,,70,45,48,60,65,35,323,False
Clefable,1,Fairy,,95,70,73,95,90,60,483,False
Vulpix,1,Fire,,38,41,40,50,65,65,299,False
Ninetales,1,Fire,,73,76,75,81,100,100,505,False
Jigglypuff,1,Normal,Fairy,115,45,20,45,25,20,270,False
Wigglytuff,1,Normal,Fairy,140,70,45,85,50,45,435,False
Zubat,1,Poison,Flying,40,45,35,30,40,55,245,False
Golbat,1,Poison,Flying,75,80,70,65,75,90,455,False
Oddish,1,Grass,Poison,45,50,55,75,65,30,320,False
Gloom,1,Grass,Poison,60,65,70,85,75,40,395,False
Vileplume,1,Grass,Poison,75,80,85,110,90,50,490,False
Paras,1,Bug,Grass,35,70,55,45,55,25,285,False
Parasect,1,Bug,Grass,60,95,80,60,80,30,405,False
Venonat,1,Bug,Poison,60,55,50,40,55,45,305,False
Venomoth,1,Bug,Poison,70,65,60,90,75,90,450,False
Diglett,1,Ground,,10,55,25,35,45,95,265,False
Dugtrio,1,Ground,,35,100,50,50,70,120,425,False
Meowth,1,Normal,,40,45,35,40,40,90,290,False
Persian,1,Normal,,65,70,60,65,65,115,440,False
Psyduck,1,Water,,50,52,48,65,50,55,320,False
Golduck,1,Water,,80,82,78,95,80,85,500,False
Mankey,1,Fighting,,40,80,35,35,45,70,305,False
Primeape,1,Fighting,,65,105,60,60,70,95,455,False
Growlithe,1,Fire,,55,70,45,70,50,60,350,False
Arcanine,1,Fire,,90,110,80,100,80,95,555,False
Poliwag,1,Water,,40,50,40,40,40,90,300,False
Poliwhirl,1,Water,,65,65,65,50,50,90,385,False
Poliwrath,1,Water,Fighting,90,95,95,70,90,70,510,False
Abra,1,Psychic,,25,20,15,105,55,90,310,False
Kadabra,1,Psychic,,40,35,30,120,70,105,400,False
Alakazam,1,Psychic,,55,50,45,135,95,120,500,False
Machop,1,Fighting,,70,80,50,35,35,35,305,False
Machoke,1,Fighting,,80,100,70,50,60,45,405,False
Machamp,1,Fighting,,90,130,80,65,85,55,505,False
Bellsprout,1,Grass,Poison,50,75,35,70,30,40,300,False
Weepinbell,1,Grass,Poison,65,90,50,85,45,55,390,False
Victreebel,1,Grass,Poison,80,105,65,100,70,70,490,False
Tentacool,1,Water,Poison,40,40,35,50,100,70,335,False
Tentacruel,1,Water,Poison,80,70,65,80,120,100,515,False
Geodude,1,Rock,Ground,40,80,100,30,30,20,300,False
Graveler,1,Rock,Ground,55,95,115,45,45,35,390,False
Golem,1,Rock,Ground,80,120,130,55,65,45,495,False
Ponyta,1,Fire,,50,85,55,65,65,90,410,False
Rapidash,1,Fire,,65,100,70,80,80,105,500,False
Slowpoke,1,Water,Psychic,90,65,65,40,40,15,315,False
Slowbro,1,Water,Psychic,95,75,110,100,80,30,490,False
Magnemite,1,Electric,Steel,25,35,70,95,55,45,325,False
Magneton,1,Electric,Steel,50,60,95,120,70,70,465,False
Farfetch'd,1,Normal,Flying,52,90,55,58,62,60,377,False
Doduo,1,Normal,Flying,35,85,45,35,35,75,310,False
Dodrio,1,Normal,Flying,60,110,70,60,60,110,470,False
Seel,1,Water,,65,45,55,45,70,45,325,False
Dewgong,1,Water,Ice,90,70,80,70,95,70,475,False
Grimer,1,Poison,,80,80,50,40,50,25,325,False
Muk,1,Poison,,105,105,75,65,100,50,500,False
Shellder,1,Water,,30,65,100,45,25,40,305,False
Cloyster,1,Water,Ice,50,95,180,85,45,70,525,False
Gastly,1,Ghost,Poison,30,35,30,100,35,80,310,False
Haunter,1,Ghost,Poison,45,50,45,115,55,95,405,False
Gengar,1,Ghost,Poison,60,65,60,130,75,110,500,False
Onix,1,Rock,Ground,35,45,160,30,45,70,385,False
Drowzee,1,Psychic,,60,48,45,43,90,42,328,False
Hypno,1,Psychic,,85,73,70,73,115,67,483,False
Krabby,1,Water,,30,105,90,25,25,50,325,False
Kingler,1,Water,,55,130,115,50,50,75,475,False
Voltorb,1,Electric,,40,30,50,55,55,100,330,False
Electrode,1,Electric,,60,50,70,80,80,150,490,False
Exeggcute,1,Grass,Psychic,60,40,80,60,45,40,325,False
Exeggutor,1,Grass,Psychic,95,95,85,125,75,55,530,False
Cubone,1,Ground,,50,50,95,40,50,35,320,False
Marowak,1,Ground,,60,80,110,50,80,45,425,False
Hitmonlee,1,Fighting,,50,120,53,35,110,87,455,False
Hitmonchan,1,Fighting,,50,105,79,35,110,76,455,False
Lickitung,1,Normal,,90,55,75,60,75,30,385,False
Koffing,1,Poison,,40,65,95,60,45,35,340,False
Weezing,1,Poison,,65,90,120,85,70,60,490,False
Rhyhorn,1,Ground,Rock,80,85,95,30,30,25,345,False
Rhydon,1,Ground,Rock,105,130,120,45,45,40,485,False
Chansey,1,Normal,,250,5,5,35,105,50,450,False
Tangela,1,Grass,,65,55,115,100,40,60,435,False
Kangaskhan,1,Normal,,105,95,80,40,80,90,490,False
Horsea,1,Water,,30,40,70,70,25,60,295,False
Seadra,1,Water,,55,65,95,95,45,85,440,False
Goldeen,1,Water,,45,67,60,35,50,63,320,False
Seaking,1,Water,,80,92,65,65,80,68,450,False
Staryu,1,Water,,30,45,55,70,55,85,340,False
Starmie,1,Water,Psychic,60,75,85,100,85,115,520,False
Mr. Mime,1,Psychic,Fairy,40,45,65,100,120,90,460,False
Scyther,1,Bug,Flying,70,110,80,55,80,105,500,False
Jynx,1,Ice,Psychic,65,50,35,115,95,95,455,False
Electabuzz,1,Electric,,65,83,57,95,85,105,490,False
Magmar,1,Fire,,65,95,57,100,85,93,495,False
Pinsir,1,Bug,,65,125,100,55,70,85,500,False
Tauros,1,Normal,,75,100,95,40,70,110,490,False
Magikarp,1,Water,,20,10,55,15,20,80,200,False
Gyarados,1,Water,Flying,95,125,79,60,100,81,540,False
Lapras,1,Water,Ice,130,85,80,85,95,60,535,False
Ditto,1,Normal,,48,48,48,48,48,48,288,False
Eevee,1,Normal,,55,55,50,45,65,55,325,False
Vaporeon,1,Water,,130,65,60,110,95,65,525,False
Jolteon,1,Electric,,65,65,60,110,95,130,525,False
Flareon,1,Fire,,65,130,60,95,110,65,525,False
Porygon,1,Normal,,65,60,70,85,75,40,395,False
Omanyte,1,Rock,Water,35,40,100,90,55,35,355,False
Omastar,1,Rock,Water,70,60,125,115,70,55,495,False
Kabuto,1,Rock,Water,30,80,90,55,45,55,355,False
Kabutops,1,Rock,Water,60,115,105,65,70,80,495,False
Aerodactyl,1,Rock,Flying,80,105,65,60,75,130,515,False
Snorlax,1,Normal,,160,110,65,65,110,30,540,False
Articuno,1,Ice,Flying,90,85,100,95,125,85,580,True
Zapdos,1,Electric,Flying,90,90,85,125,90,100,580,True
Moltres,1,Fire,Flying,90,100,90,125,85,90,580,True
Dratini,1,Dragon,,41,64,45,50,50,50,300,False
Dragonair,1,Dragon,,61,84,65,70,70,70,420,False
Dragonite,1,Dragon,Flying,91,134,95,100,100,80,600,False
Mewtwo,1,Psychic,,106,110,90,154,90,130,680,True
Mew,1,Psychic,,100,100,100,100,100,100,600,True
Chikorita,2,Grass,,45,49,65,49,65,45,318,False
Bayleef,2,Grass,,60,62,80,63,80,60,405,False
Meganium,2,Grass,,80,82,100,83,100,80,525,False
Cyndaquil,2,Fire,,39,52,43,60,50,65,309,False
Quilava,2,Fire,,58,64,58,80,65,80,405,False
Typhlosion,2,Fire,,78,84,78,109,85,100,534,False
Totodile,2,Water,,50,65,64,44,48,43,314,False
Croconaw,2,Water,,65,80,80,59,63,58,405,False
Feraligatr,2,Water,,85,105,100,79,83,78,530,False
Sentret,2,Normal,,35,46,34,35,45,20,215,False
Furret,2,Normal,,85,76,64,45,55,90,415,False
Hoothoot,2,Normal,Flying,60,30,30,36,56,50,262,False
Noctowl,2,Normal,Flying,100,50,50,86,96,70,452,False
Ledyba,2,Bug,Flying,40,20,30,40,80,55,265,False
Ledian,2,Bug,Flying,55,35,50,55,110,85,390,False
Spinarak,2,Bug,Poison,40,60,40,40,40,30,250,False
Ariados,2,Bug,Poison,70,90,70,60,70,40,400,False
Crobat,2,Poison,Flying,85,90,80,70,80,130,535,False
Chinchou,2,Water,Electric,75,38,38,56,56,67,330,False
Lanturn,2,Water,Electric,125,58,58,76,76,67,460,False
Pichu,2,Electric,,20,40,15,35,35,60,205,False
Cleffa,2,Fairy,,50,25,28,45,55,15,218,False
Igglybuff,2,Normal,Fairy,90,30,15,40,20,15,210,False
Togepi,2,Fairy,,35,20,65,40,65,20,245,False
Togetic,2,Fairy,Flying,55,40,85,80,105,40,405,False
Natu,2,Psychic,Flying,40,50,45,70,45,70,320,False
Xatu,2,Psychic,Flying,65,75,70,95,70,95,470,False
Mareep,2,Electric,,55,40,40,65,45,35,280,False
Flaaffy,2,Electric,,70,55,55,80,60,45,365,False
Ampharos,2,Electric,,90,75,85,115,90,55,510,False
Bellossom,2,Grass,,75,80,95,90,100,50,490,False
Marill,2,Water,Fairy,70,20,50,20,50,40,250,False
Azumarill,2,Water,Fairy,100,50,80,60,80,50,420,False
Sudowoodo,2,Rock,,70,100,115,30,65,30,410,False
Politoed,2,Water,,90,75,75,90,100,70,500,False
Hoppip,2,Grass,Flying,35,35,40,35,55,50,250,False
Skiploom,2,Grass,Flying,55,45,50,45,65,80,340,False
Jumpluff,2,Grass,Flying,75,55,70,55,95,110,460,False
Aipom,2,Normal,,55,70,55,40,55,85,360,False
Sunkern,2,Grass,,30,30,30,30,30,30,180,False
Sunflora,2,Grass,,75,75,55,105,85,30,425,False
Yanma,2,Bug,Flying,65,65,45,75,45,95,390,False
Wooper,2,Water,Ground,55,45,45,25,25,15,210,False
Quagsire,2,Water,Ground,95,85,85,65,65,35,430,False
Espeon,2,Psychic,,65,65,60,130,95,110,525,False
Umbreon,2,Dark,,95,65,110,60,130,65,525,False
Murkrow,2,Dark,Flying,60,85,42,85,42,91,405,False
Slowking,2,Water,Psychic,95,75,80,100,110,30,490,False
Misdreavus,2,Ghost,,60,60,60,85,85,85,435,False
Unown,2,Psychic,,48,72,48,72,48,48,336,False
Wobbuffet,2,Psychic,,190,33,58,33,58,33,405,False
Girafarig,2,Normal,Psychic,70,80,65,90,65,85,455,False
Pineco,2,Bug,,50,65,90,35,35,15,290,False
Forretress,2,Bug,Steel,75,90,140,60,60,40,465,False
Dunsparce,2,Normal,,100,70,70,65,65,45,415,False
Gligar,2,Ground,Flying,65,75,105,35,65,85,430,False
Steelix,2,Steel,Ground,75,85,200,55,65,30,510,False
Snubbull,2,Fairy,,60,80,50,40,40,30,300,False
Granbull,2,Fairy,,90,120,75,60,60,45,450,False
Qwilfish,2,Water,Poison,65,95,85,55,55,85,440,False
Scizor,2,Bug,Steel,70,130,100,55,80,65,500,False
Shuckle,2,Bug,Rock,20,10,230,10,230,5,505,False
Heracross,2,Bug,Fighting,80,125,75,40,95,85,500,False
Sneasel,2,Dark,Ice,55,95,55,35,75,115,430,False
Teddiursa,2,Normal,,60,80,50,50,50,40,330,False
Ursaring,2,Normal,,90,130,75,75,75,55,500,False
Slugma,2,Fire,,40,40,40,70,40,20,250,False
Magcargo,2,Fire,Rock,60,50,120,90,80,30,430,False
Swinub,2,Ice,Ground,50,50,40,30,30,50,250,False
Piloswine,2,Ice,Ground,100,100,80,60,60,50,450,False
Corsola,2,Water,Rock,65,55,95,65,95,35,410,False
Remoraid,2,Water,,35,65,35,65,35,65,300,False
Octillery,2,Water,,75,105,75,105,75,45,480,False
Delibird,2,Ice,Flying,45,55,45,65,45,75,330,False
Mantine,2,Water,Flying,85,40,70,80,140,70,485,False
Skarmory,2,Steel,Flying,65,80,140,40,70,70,465,False
Houndour,2,Dark,Fire,45,60,30,80,50,65,330,False
Houndoom,2,Dark,Fire,75,90,50,110,80,95,500,False
Kingdra,2,Water,Dragon,75,95,95,95,95,85,540,False
Phanpy,2,Ground,,90,60,60,40,40,40,330,False
Donphan,2,Ground,,90,120,120,60,60,50,500,False
Porygon2,2,Normal,,85,80,90,105,95,60,515,False
Stantler,2,Normal,,73,95,62,85,65,85,465,False
Smeargle,2,Normal,,55,20,35,20,45,75,250,False
Tyrogue,2,Fighting,,35,35,35,35,35,35,210,False
Hitmontop,2,Fighting,,50,95,95,35,110,70,455,False
Smoochum,2,Ice,Psychic,45,30,15,85,65,65,305,False
Elekid,2,Electric,,45,63,37,65,55,95,360,False
Magby,2,Fire,,45,75,37,70,55,83,365,False
Miltank,2,Normal,,95,80,105,40,70,100,490,False
Blissey,2,Normal,,255,10,10,75,135,55,540,False
Raikou,2,Electric,,90,85,75,115,100,115,580,True
Entei,2,Fire,,115,115,85,90,75,100,580,True
Suicune,2,Water,,100,75,115,90,115,85,580,True
Larvitar,2,Rock,Ground,50,64,50,45,50,41,300,False
Pupitar,2,Rock,Ground,70,84,70,65,70,51,410,False
Tyranitar,2,Rock,Dark,100,134,110,95,100,61,600,False
Lugia,2,Psychic,Flying,106,90,130,90,154,110,680,True
Ho-Oh,2,Fire,Flying,106,130,90,110,154,90,680,True
Celebi,2,Psychic,Grass,100,100,100,100,100,100,600,True
Treecko,3,Grass,,40,45,35,65,55,70,310,False
Grovyle,3,Grass,,50,65,45,85,65,95,405,False
Sceptile,3,Grass,,70,85,65,105,85,120,530,False
Torchic,3,Fire,,45,60,40,70,50,45,310,False
Combusken,3,Fire,Fighting,60,85,60,85,60,55,405,False
Blaziken,3,Fire,Fighting,80,120,70,110,70,80,530,False
Mudkip,3,Water,,50,70,50,50,50,40,310,False
Marshtomp,3,Water,Ground,70,85,70,60,70,50,405,False
Swampert,3,Water,Ground,100,110,90,85,90,60,535,False
Poochyena,3,Dark,,35,55,35,30,30,35,220,False
Mightyena,3,Dark,,70,90,70,60,60,70,420,False
Zigzagoon,3,Normal,,38,30,41,30,41,60,240,False
Linoone,3,Normal,,78,70,61,50,61,100,420,False
Wurmple,3,Bug,,45,45,35,20,30,20,195,False
Silcoon,3,Bug,,50,35,55,25,25,15,205,False
Beautifly,3,Bug,Flying,60,70,50,100,50,65,395,False
Cascoon,3,Bug,,50,35,55,25,25,15,205,False
Dustox,3,Bug,Poison,60,50,70,50,90,65,385,False
Lotad,3,Water,Grass,40,30,30,40,50,30,220,False
Lombre,3,Water,Grass,60,50,50,60,70,50,340,False
Ludicolo,3,Water,Grass,80,70,70,90,100,70,480,False
Seedot,3,Grass,,40,40,50,30,30,30,220,False
Nuzleaf,3,Grass,Dark,70,70,40,60,40,60,340,False
Shiftry,3,Grass,Dark,90,100,60,90,60,80,480,False
Taillow,3,Normal,Flying,40,55,30,30,30,85,270,False
Swellow,3,Normal,Flying,60,85,60,75,50,125,455,False
Wingull,3,Water,Flying,40,30,30,55,30,85,270,False
Pelipper,3,Water,Flying,60,50,100,95,70,65,440,False
Ralts,3,Psychic,Fairy,28,25,25,45,35,40,198,False
Kirlia,3,Psychic,Fairy,38,35,35,65,55,50,278,False
Gardevoir,3,Psychic,Fairy,68,65,65,125,115,80,518,False
Surskit,3,Bug,Water,40,30,32,50,52,65,269,False
Masquerain,3,Bug,Flying,70,60,62,100,82,80,454,False
Shroomish,3,Grass,,60,40,60,40,60,35,295,False
Breloom,3,Grass,Fighting,60,130,80,60,60,70,460,False
Slakoth,3,Normal,,60,60,60,35,35,30,280,False
Vigoroth,3,Normal,,80,80,80,55,55,90,440,False
Slaking,3,Normal,,150,160,100,95,65,100,670,False
Nincada,3,Bug,Ground,31,45,90,30,30,40,266,False
Ninjask,3,Bug,Flying,61,90,45,50,50,160,456,False
Shedinja,3,Bug,Ghost,1,90,45,30,30,40,236,False
Whismur,3,Normal,,64,51,23,51,23,28,240,False
Loudred,3,Normal,,84,71,43,71,43,48,360,False
Exploud,3,Normal,,104,91,63,91,73,68,490,False
Makuhita,3,Fighting,,72,60,30,20,30,25,237,False
Hariyama,3,Fighting,,144,120,60,40,60,50,474,False
Azurill,3,Normal,Fairy,50,20,40,20,40,20,190,False
Nosepass,3,Rock,,30,45,135,45,90,30,375,False
Skitty,3,Normal,,50,45,45,35,35,50,260,False
Delcatty,3,Normal,,70,65,65,55,55,90,400,False
Sableye,3,Dark,Ghost,50,75,75,65,65,50,380,False
Mawile,3,Steel,Fairy,50,85,85,55,55,50,380,False
Aron,3,Steel,Rock,50,70,100,40,40,30,330,False
Lairon,3,Steel,Rock,60,90,140,50,50,40,430,False
Aggron,3,Steel,Rock,70,110,180,60,60,50,530,False
Meditite,3,Fighting,Psychic,30,40,55,40,55,60,280,False
Medicham,3,Fighting,Psychic,60,60,75,60,75,80,410,False
Electrike,3,Electric,,40,45,40,65,40,65,295,False
Manectric,3,Electric,,70,75,60,105,60,105,475,False
Plusle,3,Electric,,60,50,40,85,75,95,405,False
Minun,3,Electric,,60,40,50,75,85,95,405,False
Volbeat,3,Bug,,65,73,75,47,85,85,430,False
Illumise,3,Bug,,65,47,75,73,85,85,430,False
Roselia,3,Grass,Poison,50,60,45,100,80,65,400,False
Gulpin,3,Poison,,70,43,53,43,53,40,302,False
Swalot,3,Poison,,100,73,83,73,83,55,467,False
Carvanha,3,Water,Dark,45,90,20,65,20,65,305,False
Sharpedo,3,Water,Dark,70,120,40,95,40,95,460,False
Wailmer,3,Water,,130,70,35,70,35,60,400,False
Wailord,3,Water,,170,90,45,90,45,60,500,False
Numel,3,Fire,Ground,60,60,40,65,45,35,305,False
Camerupt,3,Fire,Ground,70,100,70,105,75,40,460,False
Torkoal,3,Fire,,70,85,140,85,70,20,470,False
Spoink,3,Psychic,,60,25,35,70,80,60,330,False
Grumpig,3,Psychic,,80,45,65,90,110,80,470,False
Spinda,3,Normal,,60,60,60,60,60,60,360,False
Trapinch,3,Ground,,45,100,45,45,45,10,290,False
Vibrava,3,Ground,Dragon,50,70,50,50,50,70,340,False
Flygon,3,Ground,Dragon,80,100,80,80,80,100,520,False
Cacnea,3,Grass,,50,85,40,85,40,35,335,False
Cacturne,3,Grass,Dark,70,115,60,115,60,55,475,False
Swablu,3,Normal,Flying,45,40,60,40,75,50,310,False
Altaria,3,Dragon,Flying,75,70,90,70,105,80,490,False
Zangoose,3,Normal,,73,115,60,60,60,90,458,False
Seviper,3,Poison,,73,100,60,100,60,65,458,False
Lunatone,3,Rock,Psychic,90,55,65,95,85,70,460,False
Solrock,3,Rock,Psychic,90,95,85,55,65,70,460,False
Barboach,3,Water,Ground,50,48,43,46,41,60,288,False
Whiscash,3,Water,Ground,110,78,73,76,71,60,468,False
Corphish,3,Water,,43,80,65,50,35,35,308,False
Crawdaunt,3,Water,Dark,63,120,85,90,55,55,468,False
Baltoy,3,Ground,Psychic,40,40,55,40,70,55,300,False
Claydol,3,Ground,Psychic,60,70,105,70,120,75,500,False
Lileep,3,Rock,Grass,66,41,77,61,87,23,355,False
Cradily,3,Rock,Grass,86,81,97,81,107,43,495,False
Anorith,3,Rock,Bug,45,95,50,40,50,75,355,False
Armaldo,3,Rock,Bug,75,125,100,70,80,45,495,False
Feebas,3,Water,,20,15,20,10,55,80,200,False
Milotic,3,Water,,95,60,79,100,125,81,540,False
Castform,3,Normal,,70,70,70,70,70,70,420,False
Kecleon,3,Normal,,60,90,70,60,120,40,440,False
Shuppet,3,Ghost,,44,75,35,63,33,45,295,False
Banette,3,Ghost,,64,115,65,83,63,65,455,False
Duskull,3,Ghost,,20,40,90,30,90,25,295,False
Dusclops,3,Ghost,,40,70,130,60,130,25,455,False
Tropius,3,Grass,Flying,99,68,83,72,87,51,460,False
Chimecho,3,Psychic,,75,50,80,95,90,65,455,False
Absol,3,Dark,,65,130,60,75,60,75,465,False
Wynaut,3,Psychic,,95,23,48,23,48,23,260,False
Snorunt,3,Ice,,50,50,50,50,50,50,300,False
Glalie,3,Ice,,80,80,80,80,80,80,480,False
Spheal,3,Ice,Water,70,40,50,55,50,25,290,False
Sealeo,3,Ice,Water,90,60,70,75,70,45,410,False
Walrein,3,Ice,Water,110,80,90,95,90,65,530,False
Clamperl,3,Water,,35,64,85,74,55,32,345,False
Huntail,3,Water,,55,104,105,94,75,52,485,False
Gorebyss,3,Water,,55,84,105,114,75,52,485,False
Relicanth,3,Water,Rock,100,90,130,45,65,55,485,False
Luvdisc,3,Water,,43,30,55,40,65,97,330,False
Bagon,3,Dragon,,45,75,60,40,30,50,300,False
Shelgon,3,Dragon,,65,95,100,60,50,50,420,False
Salamence,3,Dragon,Flying,95,135,80,110,80,100,600,False
Beldum,3,Steel,Psychic,40,55,80,35,60,30,300,False
Metang,3,Steel,Psychic,60,75,100,55,80,50,420,False
Metagross,3,Steel,Psychic,80,135,130,95,90,70,600,False
Regirock,3,Rock,,80,100,200,50,100,50,580,True
Regice,3,Ice,,80,50,100,100,200,50,580,True
Registeel,3,Steel,,80,75,150,75,150,50,580,True
Latias,3,Dragon,Psychic,80,80,90,110,130,110,600,True
Latios,3,Dragon,Psychic,80,90,80,130,110,110,600,True
Kyogre,3,Water,,100,100,90,150,140,90,670,True
Groudon,3,Ground,,100,150,140,100,90,90,670,True
Rayquaza,3,Dragon,Flying,105,150,90,150,90,95,680,True
Jirachi,3,Steel,Psychic,100,100,100,100,100,100,600,True
Deoxys,3,Psychic,,50,150,50,150,50,150,600,True
Turtwig,4,Grass,,55,68,64,45,55,31,318,False
Grotle,4,Grass,,75,89,85,55,65,36,405,False
Torterra,4,Grass,Ground,95,109,105,75,85,56,525,False
Chimchar,4,Fire,,44,58,44,58,44,61,309,False
Monferno,4,Fire,Fighting,64,78,52,78,52,81,405,False
Infernape,4,Fire,Fighting,76,104,71,104,71,108,534,False
Piplup,4,Water,,53,51,53,61,56,40,314,False
Prinplup,4,Water,,64,66,68,81,76,50,405,False
Empoleon,4,Water,Steel,84,86,88,111,101,60,530,False
Starly,4,Normal,Flying,40,55,30,30,30,60,245,False
Staravia,4,Normal,Flying,55,75,50,40,40,80,340,False
Staraptor,4,Normal,Flying,85,120,70,50,60,100,485,False
Bidoof,4,Normal,,59,45,40,35,40,31,250,False
Bibarel,4,Normal,Water,79,85,60,55,60,71,410,False
Kricketot,4,Bug,,37,25,41,25,41,25,194,False
Kricketune,4,Bug,,77,85,51,55,51,65,384,False
Shinx,4,Electric,,45,65,34,40,34,45,263,False
Luxio,4,Electric,,60,85,49,60,49,60,363,False
Luxray,4,Electric,,80,120,79,95,79,70,523,False
Budew,4,Grass,Poison,40,30,35,50,70,55,280,False
Roserade,4,Grass,Poison,60,70,65,125,105,90,515,False
Cranidos,4,Rock,,67,125,40,30,30,58,350,False
Rampardos,4,Rock,,97,165,60,65,50,58,495,False
Shieldon,4,Rock,Steel,30,42,118,42,88,30,350,False
Bastiodon,4,Rock,Steel,60,52,168,47,138,30,495,False
Burmy,4,Bug,,40,29,45,29,45,36,224,False
Wormadam,4,Bug,Grass,60,59,85,79,105,36,424,False
Mothim,4,Bug,Flying,70,94,50,94,50,66,424,False
Combee,4,Bug,Flying,30,30,42,30,42,70,244,False
Vespiquen,4,Bug,Flying,70,80,102,80,102,40,474,False
Pachirisu,4,Electric,,60,45,70,45,90,95,405,False
Buizel,4,Water,,55,65,35,60,30,85,330,False
Floatzel,4,Water,,85,105,55,85,50,115,495,False
Cherubi,4,Grass,,45,35,45,62,53,35,275,False
Cherrim,4,Grass,,70,60,70,87,78,85,450,False
Shellos,4,Water,,76,48,48,57,62,34,325,False
Gastrodon,4,Water,Ground,111,83,68,92,82,39,475,False
Ambipom,4,Normal,,75,100,66,60,66,115,482,False
Drifloon,4,Ghost,Flying,90,50,34,60,44,70,348,False
Drifblim,4,Ghost,Flying,150,80,44,90,54,80,498,False
Buneary,4,Normal,,55,66,44,44,56,85,350,False
Lopunny,4,Normal,,65,76,84,54,96,105,480,False
Mismagius,4,Ghost,,60,60,60,105,105,105,495,False
Honchkrow,4,Dark,Flying,100,125,52,105,52,71,505,False
Glameow,4,Normal,,49,55,42,42,37,85,310,False
Purugly,4,Normal,,71,82,64,64,59,112,452,False
Chingling,4,Psychic,,45,30,50,65,50,45,285,False
Stunky,4,Poison,Dark,63,63,47,41,41,74,329,False
Skuntank,4,Poison,Dark,103,93,67,71,61,84,479,False
Bronzor,4,Steel,Psychic,57,24,86,24,86,23,300,False
Bronzong,4,Steel,Psychic,67,89,116,79,116,33,500,False
Bonsly,4,Rock,,50,80,95,10,45,10,290,False
Mime Jr.,4,Psychic,Fairy,20,25,45,70,90,60,310,False
Happiny,4,Normal,,100,5,5,15,65,30,220,False
Chatot,4,Normal,Flying,76,65,45,92,42,91,411,False
Spiritomb,4,Ghost,Dark,50,92,108,92,108,35,485,False
Gible,4,Dragon,Ground,58,70,45,40,45,42,300,False
Gabite,4,Dragon,Ground,68,90,65,50,55,82,410,False
Garchomp,4,Dragon,Ground,108,130,95,80,85,102,600,False
Munchlax,4,Normal,,135,85,40,40,85,5,390,False
Riolu,4,Fighting,,40,70,40,35,40,60,285,False
Lucario,4,Fighting,Steel,70,110,70,115,70,90,525,False
Hippopotas,4,Ground,,68,72,78,38,42,32,330,False
Hippowdon,4,Ground,,108,112,118,68,72,47,525,False
Skorupi,4,Poison,Bug,40,50,90,30,55,65,330,False
Drapion,4,Poison,Dark,70,90,110,60,75,95,500,False
Croagunk,4,Poison,Fighting,48,61,40,61,40,50,300,False
Toxicroak,4,Poison,Fighting,83,106,65,86,65,85,490,False
Carnivine,4,Grass,,74,100,72,90,72,46,454,False
Finneon,4,Water,,49,49,56,49,61,66,330,False
Lumineon,4,Water,,69,69,76,69,86,91,460,False
Mantyke,4,Water,Flying,45,20,50,60,120,50,345,False
Snover,4,Grass,Ice,60,62,50,62,60,40,334,False
Abomasnow,4,Grass,Ice,90,92,75,92,85,60,494,False
Weavile,4,Dark,Ice,70,120,65,45,85,125,510,False
Magnezone,4,Electric,Steel,70,70,115,130,90,60,535,False
Lickilicky,4,Normal,,110,85,95,80,95,50,515,False
Rhyperior,4,Ground,Rock,115,140,130,55,55,40,535,False
Tangrowth,4,Grass,,100,100,125,110,50,50,535,False
Electivire,4,Electric,,75,123,67,95,85,95,540,False
Magmortar,4,Fire,,75,95,67,125,95,83,540,False
Togekiss,4,Fairy,Flying,85,50,95,120,115,80,545,False
Yanmega,4,Bug,Flying,86,76,86,116,56,95,515,False
Leafeon,4,Grass,,65,110,130,60,65,95,525,False
Glaceon,4,Ice,,65,60,110,130,95,65,525,False
Gliscor,4,Ground,Flying,75,95,125,45,75,95,510,False
Mamoswine,4,Ice,Ground,110,130,80,70,60,80,530,False
Porygon-Z,4,Normal,,85,80,70,135,75,90,535,False
Gallade,4,Psychic,Fighting,68,125,65,65,115,80,518,False
Probopass,4,Rock,Steel,60,55,145,75,150,40,525,False
Dusknoir,4,Ghost,,45,100,135,65,135,45,525,False
Froslass,4,Ice,Ghost,70,80,70,80,70,110,480,False
Rotom,4,Electric,Ghost,50,50,77,95,77,91,440,False
Uxie,4,Psychic,,75,75,130,75,130,95,580,True
Mesprit,4,Psychic,,80,105,105,105,105,80,580,True
Azelf,4,Psychic,,75,125,70,125,70,115,580,True
Dialga,4,Steel,Dragon,100,120,120,150,100,90,680,True
Palkia,4,Water,Dragon,90,120,100,150,120,100,680,True
Heatran,4,Fire,Steel,91,90,106,130,106,77,600,True
Regigigas,4,Normal,,110,160,110,80,110,100,670,True
Giratina,4,Ghost,Dragon,150,100,120,100,120,90,680,True
Cresselia,4,Psychic,,120,70,110,75,120,85,580,True
Phione,4,Water,,80,80,80,80,80,80,480,True
Manaphy,4,Water,,100,100,100,100,100,100,600,True
Darkrai,4,Dark,,70,90,90,135,90,125,600,True
Shaymin,4,Grass,,100,100,100,100,100,100,600,True
Arceus,4,Normal,,120,120,120,120,120,120,720,True
Victini,5,Psychic,Fire,100,100,100,100,100,100,600,True
Snivy,5,Grass,,45,45,55,45,55,63,308,False
Servine,5,Grass,,60,60,75,60,75,83,413,False
Serperior,5,Grass,,75,75,95,75,95,113,528,False
Tepig,5,Fire,,65,63,45,45,45,45,308,False
Pignite,5,Fire,Fighting,90,93,55,70,55,55,418,False
Emboar,5,Fire,Fighting,110,123,65,100,65,65,528,False
Oshawott,5,Water,,55,55,45,63,45,45,308,False
Dewott,5,Water,,75,75,60,83,60,60,413,False
Samurott,5,Water,,95,100,85,108,70,70,528,False
Patrat,5,Normal,,45,55,39,35,39,42,255,False
Watchog,5,Normal,,60,85,69,60,69,77,420,False
Lillipup,5,Normal,,45,60,45,25,45,55,275,False
Herdier,5,Normal,,65,80,65,35,65,60,370,False
Stoutland,5,Normal,,85,110,90,45,90,80,500,False
Purrloin,5,Dark,,41,50,37,50,37,66,281,False
Liepard,5,Dark,,64,88,50,88,50,106,446,False
Pansage,5,Grass,,50,53,48,53,48,64,316,False
Simisage,5,Grass,,75,98,63,98,63,101,498,False
Pansear,5,Fire,,50,53,48,53,48,64,316,False
Simisear,5,Fire,,75,98,63,98,63,101,498,False
Panpour,5,Water,,50,53,48,53,48,64,316,False
Simipour,5,Water,,75,98,63,98,63,101,498,False
Munna,5,Psychic,,76,25,45,67,55,24,292,False
Musharna,5,Psychic,,116,55,85,107,95,29,487,False
Pidove,5,Normal,Flying,50,55,50,36,30,43,264,False
Tranquill,5,Normal,Flying,62,77,62,50,42,65,358,False
Unfezant,5,Normal,Flying,80,115,80,65,55,93,488,False
Blitzle,5,Electric,,45,60,32,50,32,76,295,False
Zebstrika,5,Electric,,75,100,63,80,63,116,497,False
Roggenrola,5,Rock,,55,75,85,25,25,15,280,False
Boldore,5,Rock,,70,105,105,50,40,20,390,False
Gigalith,5,Rock,,85,135,130,60,80,25,515,False
Woobat,5,Psychic,Flying,65,45,43,55,43,72,323,False
Swoobat,5,Psychic,Flying,67,57,55,77,55,114,425,False
Drilbur,5,Ground,,60,85,40,30,45,68,328,False
Excadrill,5,Ground,Steel,110,135,60,50,65,88,508,False
Audino,5,Normal,,103,60,86,60,86,50,445,False
Timburr,5,Fighting,,75,80,55,25,35,35,305,False
Gurdurr,5,Fighting,,85,105,85,40,50,40,405,False
Conkeldurr,5,Fighting,,105,140,95,55,65,45,505,False
Tympole,5,Water,,50,50,40,50,40,64,294,False
Palpitoad,5,Water,Ground,75,65,55,65,55,69,384,False
Seismitoad,5,Water,Ground,105,95,75,85,75,74,509,False
Throh,5,Fighting,,120,100,85,30,85,45,465,False
Sawk,5,Fighting,,75,125,75,30,75,85,465,False
Sewaddle,5,Bug,Grass,45,53,70,40,60,42,310,False
Swadloon,5,Bug,Grass,55,63,90,50,80,42,380,False
Leavanny,5,Bug,Grass,75,103,80,70,80,92,500,False
Venipede,5,Bug,Poison,30,45,59,30,39,57,260,False
Whirlipede,5,Bug,Poison,40,55,99,40,79,47,360,False
Scolipede,5,Bug,Poison,60,100,89,55,69,112,485,False
Cottonee,5,Grass,Fairy,40,27,60,37,50,66,280,False
Whimsicott,5,Grass,Fairy,60,67,85,77,75,116,480,False
Petilil,5,Grass,,45,35,50,70,50,30,280,False
Lilligant,5,Grass,,70,60,75,110,75,90,480,False
Basculin,5,Water,,70,92,65,80,55,98,460,False
Sandile,5,Ground,Dark,50,72,35,35,35,65,292,False
Krokorok,5,Ground,Dark,60,82,45,45,45,74,351,False
Krookodile,5,Ground,Dark,95,117,80,65,70,92,519,False
Darumaka,5,Fire,,70,90,45,15,45,50,315,False
Darmanitan,5,Fire,,105,140,55,30,55,95,480,False
Maractus,5,Grass,,75,86,67,106,67,60,461,False
Dwebble,5,Bug,Rock,50,65,85,35,35,55,325,False
Crustle,5,Bug,Rock,70,105,125,65,75,45,485,False
Scraggy,5,Dark,Fighting,50,75,70,35,70,48,348,False
Scrafty,5,Dark,Fighting,65,90,115,45,115,58,488,False
Sigilyph,5,Psychic,Flying,72,58,80,103,80,97,490,False
Yamask,5,Ghost,,38,30,85,55,65,30,303,False
Cofagrigus,5,Ghost,,58,50,145,95,105,30,483,False
Tirtouga,5,Water,Rock,54,78,103,53,45,22,355,False
Carracosta,5,Water,Rock,74,108,133,83,65,32,495,False
Archen,5,Rock,Flying,55,112,45,74,45,70,401,False
Archeops,5,Rock,Flying,75,140,65,112,65,110,567,False
Trubbish,5,Poison,,50,50,62,40,62,65,329,False
Garbodor,5,Poison,,80,95,82,60,82,75,474,False
Zorua,5,Dark,,40,65,40,80,40,65,330,False
Zoroark,5,Dark,,60,105,60,120,60,105,510,False
Minccino,5,Normal,,55,50,40,40,40,75,300,False
Cinccino,5,Normal,,75,95,60,65,60,115,470,False
Gothita,5,Psychic,,45,30,50,55,65,45,290,False
Gothorita,5,Psychic,,60,45,70,75,85,55,390,False
Gothitelle,5,Psychic,,70,55,95,95,110,65,490,False
Solosis,5,Psychic,,45,30,40,105,50,20,290,False
Duosion,5,Psychic,,65,40,50,125,60,30,370,False
Reuniclus,5,Psychic,,110,65,75,125,85,30,490,False
Ducklett,5,Water,Flying,62,44,50,44,50,55,305,False
Swanna,5,Water,Flying,75,87,63,87,63,98,473,False
Vanillite,5,Ice,,36,50,50,65,60,44,305,False
Vanillish,5,Ice,,51,65,65,80,75,59,395,False
Vanilluxe,5,Ice,,71,95,85,110,95,79,535,False
Deerling,5,Normal,Grass,60,60,50,40,50,75,335,False
Sawsbuck,5,Normal,Grass,80,100,70,60,70,95,475,False
Emolga,5,Electric,Flying,55,75,60,75,60,103,428,False
Karrablast,5,Bug,,50,75,45,40,45,60,315,False
Escavalier,5,Bug,Steel,70,135,105,60,105,20,495,False
Foongus,5,Grass,Poison,69,55,45,55,55,15,294,False
Amoonguss,5,Grass,Poison,114,85,70,85,80,30,464,False
Frillish,5,Water,Ghost,55,40,50,65,85,40,335,False
Jellicent,5,Water,Ghost,100,60,70,85,105,60,480,False
Alomomola,5,Water,,165,75,80,40,45,65,470,False
Joltik,5,Bug,Electric,50,47,50,57,50,65,319,False
Galvantula,5,Bug,Electric,70,77,60,97,60,108,472,False
Ferroseed,5,Grass,Steel,44,50,91,24,86,10,305,False
Ferrothorn,5,Grass,Steel,74,94,131,54,116,20,489,False
Klink,5,Steel,,40,55,70,45,60,30,300,False
Klang,5,Steel,,60,80,95,70,85,50,440,False
Klinklang,5,Steel,,60,100,115,70,85,90,520,False
Tynamo,5,Electric,,35,55,40,45,40,60,275,False
Eelektrik,5,Electric,,65,85,70,75,70,40,405,False
Eelektross,5,Electric,,85,115,80,105,80,50,515,False
Elgyem,5,Psychic,,55,55,55,85,55,30,335,False
Beheeyem,5,Psychic,,75,75,75,125,95,40,485,False
Litwick,5,Ghost,Fire,50,30,55,65,55,20,275,False
Lampent,5,Ghost,Fire,60,40,60,95,60,55,370,False
Chandelure,5,Ghost,Fire,60,55,90,145,90,80,520,False
Axew,5,Dragon,,46,87,60,30,40,57,320,False
Fraxure,5,Dragon,,66,117,70,40,50,67,410,False
Haxorus,5,Dragon,,76,147,90,60,70,97,540,False
Cubchoo,5,Ice,,55,70,40,60,40,40,305,False
Beartic,5,Ice,,95,130,80,70,80,50,505,False
Cryogonal,5,Ice,,80,50,50,95,135,105,515,False
Shelmet,5,Bug,,50,40,85,40,65,25,305,False
Accelgor,5,Bug,,80,70,40,100,60,145,495,False
Stunfisk,5,Ground,Electric,109,66,84,81,99,32,471,False
Mienfoo,5,Fighting,,45,85,50,55,50,65,350,False
Mienshao,5,Fighting,,65,125,60,95,60,105,510,False
Druddigon,5,Dragon,,77,120,90,60,90,48,485,False
Golett,5,Ground,Ghost,59,74,50,35,50,35,303,False
Golurk,5,Ground,Ghost,89,124,80,55,80,55,483,False
Pawniard,5,Dark,Steel,45,85,70,40,40,60,340,False
Bisharp,5,Dark,Steel,65,125,100,60,70,70,490,False
Bouffalant,5,Normal,,95,110,95,40,95,55,490,False
Rufflet,5,Normal,Flying,70,83,50,37,50,60,350,False
Braviary,5,Normal,Flying,100,123,75,57,75,80,510,False
Vullaby,5,Dark,Flying,70,55,75,45,65,60,370,False
Mandibuzz,5,Dark,Flying,110,65,105,55,95,80,510,False
Heatmor,5,Fire,,85,97,66,105,66,65,484,False
Durant,5,Bug,Steel,58,109,112,48,48,109,484,False
Deino,5,Dark,Dragon,52,65,50,45,50,38,300,False
Zweilous,5,Dark,Dragon,72,85,70,65,70,58,420,False
Hydreigon,5,Dark,Dragon,92,105,90,125,90,98,600,False
Larvesta,5,Bug,Fire,55,85,55,50,55,60,360,False
Volcarona,5,Bug,Fire,85,60,65,135,105,100,550,False
Cobalion,5,Steel,Fighting,91,90,129,90,72,108,580,True
Terrakion,5,Rock,Fighting,91,129,90,72,90,108,580,True
Virizion,5,Grass,Fighting,91,90,72,90,129,108,580,True
Tornadus,5,Flying,,79,115,70,125,80,111,580,True
Thundurus,5,Electric,Flying,79,115,70,125,80,111,580,True
Reshiram,5,Dragon,Fire,100,120,100,150,120,90,680,True
Zekrom,5,Dragon,Electric,100,150,120,120,100,90,680,True
Landorus,5,Ground,Flying,89,125,90,115,80,101,600,True
Kyurem,5,Dragon,Ice,125,130,90,130,90,95,660,True
Keldeo,5,Water,Fighting,91,72,90,129,90,108,580,True
Meloetta,5,Normal,Psychic,100,77,77,128,128,90,600,True
Genesect,5,Bug,Steel,71,120,95,120,95,99,600,True
Chespin,6,Grass,,56,61,65,48,45,38,313,False
Quilladin,6,Grass,,61,78,95,56,58,57,405,False
Chesnaught,6,Grass,Fighting,88,107,122,74,75,64,530,False
Fennekin,6,Fire,,40,45,40,62,60,60,307,False
Braixen,6,Fire,,59,59,58,90,70,73,409,False
Delphox,6,Fire,Psychic,75,69,72,114,100,104,534,False
Froakie,6,Water,,41,56,40,62,44,71,314,False
Frogadier,6,Water,,54,63,52,83,56,97,405,False
Greninja,6,Water,Dark,72,95,67,103,71,122,530,False
Bunnelby,6,Normal,,38,36,38,32,36,57,237,False
Diggersby,6,Normal,Ground,85,56,77,50,77,78,423,False
Fletchling,6,Normal,Flying,45,50,43,40,38,62,278,False
Fletchinder,6,Fire,Flying,62,73,55,56,52,84,382,False
Talonflame,6,Fire,Flying,78,81,71,74,69,126,499,False
Scatterbug,6,Bug,,38,35,40,27,25,35,200,False
Spewpa,6,Bug,,45,22,60,27,30,29,213,False
Vivillon,6,Bug,Flying,80,52,50,90,50,89,411,False
Litleo,6,Fire,Normal,62,50,58,73,54,72,369,False
Pyroar,6,Fire,Normal,86,68,72,109,66,106,507,False
Flabébé,6,Fairy,,44,38,39,61,79,42,303,False
Floette,6,Fairy,,54,45,47,75,98,52,371,False
Florges,6,Fairy,,78,65,68,112,154,75,552,False
Skiddo,6,Grass,,66,65,48,62,57,52,350,False
Gogoat,6,Grass,,123,100,62,97,81,68,531,False
Pancham,6,Fighting,,67,82,62,46,48,43,348,False
Pangoro,6,Fighting,Dark,95,124,78,69,71,58,495,False
Furfrou,6,Normal,,75,80,60,65,90,102,472,False
Espurr,6,Psychic,,62,48,54,63,60,68,355,False
Meowstic,6,Psychic,,74,48,76,83,81,104,466,False
Honedge,6,Steel,Ghost,45,80,100,35,37,28,325,False
Doublade,6,Steel,Ghost,59,110,150,45,49,35,448,False
Aegislash,6,Steel,Ghost,60,50,140,50,140,60,500,False
Spritzee,6,Fairy,,78,52,60,63,65,23,341,False
Aromatisse,6,Fairy,,101,72,72,99,89,29,462,False
Swirlix,6,Fairy,,62,48,66,59,57,49,341,False
Slurpuff,6,Fairy,,82,80,86,85,75,72,480,False
Inkay,6,Dark,Psychic,53,54,53,37,46,45,288,False
Malamar,6,Dark,Psychic,86,92,88,68,75,73,482,False
Binacle,6,Rock,Water,42,52,67,39,56,50,306,False
Barbaracle,6,Rock,Water,72,105,115,54,86,68,500,False
Skrelp,6,Poison,Water,50,60,60,60,60,30,320,False
Dragalge,6,Poison,Dragon,65,75,90,97,123,44,494,False
Clauncher,6,Water,,50,53,62,58,63,44,330,False
Clawitzer,6,Water,,71,73,88,120,89,59,500,False
Helioptile,6,Electric,Normal,44,38,33,61,43,70,289,False
Heliolisk,6,Electric,Normal,62,55,52,109,94,109,481,False
Tyrunt,6,Rock,Dragon,58,89,77,45,45,48,362,False
Tyrantrum,6,Rock,Dragon,82,121,119,69,59,71,521,False
Amaura,6,Rock,Ice,77,59,50,67,63,46,362,False
Aurorus,6,Rock,Ice,123,77,72,99,92,58,521,False
Sylveon,6,Fairy,,95,65,65,110,130,60,525,False
Hawlucha,6,Fighting,Flying,78,92,75,74,63,118,500,False
Dedenne,6,Electric,Fairy,67,58,57,81,67,101,431,False
Carbink,6,Rock,Fairy,50,50,150,50,150,50,500,False
Goomy,6,Dragon,,45,50,35,55,75,40,300,False
Sliggoo,6,Dragon,,68,75,53,83,113,60,452,False
Goodra,6,Dragon,,90,100,70,110,150,80,600,False
Klefki,6,Steel,Fairy,57,80,91,80,87,75,470,False
Phantump,6,Ghost,Grass,43,70,48,50,60,38,309,False
Trevenant,6,Ghost,Grass,85,110,76,65,82,56,474,False
Pumpkaboo,6,Ghost,Grass,49,66,70,44,55,51,335,False
Gourgeist,6,Ghost,Grass,65,90,122,58,75,84,494,False
Bergmite,6,Ice,,55,69,85,32,35,28,304,False
Avalugg,6,Ice,,95,117,184,44,46,28,514,False
Noibat,6,Flying,Dragon,40,30,35,45,40,55,245,False
Noivern,6,Flying,Dragon,85,70,80,97,80,123,535,False
Xerneas,6,Fairy,,126,131,95,131,98,99,680,True
Yveltal,6,Dark,Flying,126,131,95,131,98,99,680,True
Zygarde,6,Dragon,Ground,108,100,121,81,95,95,600,True
Diancie,6,Rock,Fairy,50,100,150,100,150,50,600,True
Hoopa,6,Psychic,Ghost,80,110,60,150,130,70,600,True
Volcanion,6,Fire,Water,80,110,120,130,90,70,600,True
Rowlet,7,Grass,Flying,68,55,55,50,50,42,320,False
Dartrix,7,Grass,Flying,78,75,75,70,70,52,420,False
Decidueye,7,Grass,Ghost,78,107,75,100,100,70,530,False
Litten,7,Fire,,45,65,40,60,40,70,320,False
Torracat,7,Fire,,65,85,50,80,50,90,420,False
Incineroar,7,Fire,Dark,95,115,90,80,90,60,530,False
Popplio,7,Water,,50,54,54,66,56,40,320,False
Brionne,7,Water,,60,69,69,91,81,50,420,False
Primarina,7,Water,Fairy,80,74,74,126,116,60,530,False
Pikipek,7,Normal,Flying,35,75,30,30,30,65,265,False
Trumbeak,7,Normal,Flying,55,85,50,40,50,75,355,False
Toucannon,7,Normal,Flying,80,120,75,75,75,60,485,False
Yungoos,7,Normal,,48,70,30,30,30,45,253,False
Gumshoos,7,Normal,,88,110,60,55,60,45,418,False
Grubbin,7,Bug,,47,62,45,55,45,46,300,False
Charjabug,7,Bug,Electric,57,82,95,55,75,36,400,False
Vikavolt,7,Bug,Electric,77,70,90,145,75,43,500,False
Crabrawler,7,Fighting,,47,82,57,42,47,63,338,False
Crabominable,7,Fighting,Ice,97,132,77,62,67,43,478,False
Oricorio,7,Fire,Flying,75,70,70,98,70,93,476,False
Cutiefly,7,Bug,Fairy,40,45,40,55,40,84,304,False
Ribombee,7,Bug,Fairy,60,55,60,95,70,124,464,False
Rockruff,7,Rock,,45,65,40,30,40,60,280,False
Lycanroc,7,Rock,,75,115,65,55,65,112,487,False
Wishiwashi,7,Water,,45,20,20,25,25,40,175,False
Mareanie,7,Poison,Water,50,53,62,43,52,45,305,False
Toxapex,7,Poison,Water,50,63,152,53,142,35,495,False
Mudbray,7,Ground,,70,100,70,45,55,45,385,False
Mudsdale,7,Ground,,100,125,100,55,85,35,500,False
Dewpider,7,Water,Bug,38,40,52,40,72,27,269,False
Araquanid,7,Water,Bug,68,70,92,50,132,42,454,False
Fomantis,7,Grass,,40,55,35,50,35,35,250,False
Lurantis,7,Grass,,70,105,90,80,90,45,480,False
Morelull,7,Grass,Fairy,40,35,55,65,75,15,285,False
Shiinotic,7,Grass,Fairy,60,45,80,90,100,30,405,False
Salandit,7,Poison,Fire,48,44,40,71,40,77,320,False
Salazzle,7,Poison,Fire,68,64,60,111,60,117,480,False
Stufful,7,Normal,Fighting,70,75,50,45,50,50,340,False
Bewear,7,Normal,Fighting,120,125,80,55,60,60,500,False
Bounsweet,7,Grass,,42,30,38,30,38,32,210,False
Steenee,7,Grass,,52,40,48,40,48,62,290,False
Tsareena,7,Grass,,72,120,98,50,98,72,510,False
Comfey,7,Fairy,,51,52,90,82,110,100,485,False
Oranguru,7,Normal,Psychic,90,60,80,90,110,60,490,False
Passimian,7,Fighting,,100,120,90,40,60,80,490,False
Wimpod,7,Bug,Water,25,35,40,20,30,80,230,False
Golisopod,7,Bug,Water,75,125,140,60,90,40,530,False
Sandygast,7,Ghost,Ground,55,55,80,70,45,15,320,False
Palossand,7,Ghost,Ground,85,75,110,100,75,35,480,False
Pyukumuku,7,Water,,55,60,130,30,130,5,410,False
Type: Null,7,Normal,,95,95,95,95,95,59,534,True
Silvally,7,Normal,,95,95,95,95,95,95,570,True
Minior,7,Rock,Flying,60,60,100,60,100,60,440,False
Komala,7,Normal,,65,115,65,75,95,65,480,False
Turtonator,7,Fire,Dragon,60,78,135,91,85,36,485,False
Togedemaru,7,Electric,Steel,65,98,63,40,73,96,435,False
Mimikyu,7,Ghost,Fairy,55,90,80,50,105,96,476,False
Bruxish,7,Water,Psychic,68,105,70,70,70,92,475,False
Drampa,7,Normal,Dragon,78,60,85,135,91,36,485,False
Dhelmise,7,Ghost,Grass,70,131,100,86,90,40,517,False
Jangmo-o,7,Dragon,,45,55,65,45,45,45,300,False
Hakamo-o,7,Dragon,Fighting,55,75,90,65,70,65,420,False
Kommo-o,7,Dragon,Fighting,75,110,125,100,105,85,600,False
Tapu Koko,7,Electric,Fairy,70,115,85,95,75,130,570,True
Tapu Lele,7,Psychic,Fairy,70,85,75,130,115,95,570,True
Tapu Bulu,7,Grass,Fairy,70,130,115,85,95,75,570,True
Tapu Fini,7,Water,Fairy,70,75,115,95,130,85,570,True
Cosmog,7,Psychic,,43,29,31,29,31,37,200,True
Cosmoem,7,Psychic,,43,29,131,29,131,37,400,True
Solgaleo,7,Psychic,Steel,137,137,107,113,89,97,680,True
Lunala,7,Psychic,Ghost,137,113,89,137,107,97,680,True
Nihilego,7,Rock,Poison,109,53,47,127,131,103,570,True
Buzzwole,7,Bug,Fighting,107,139,139,53,53,79,570,True
Pheromosa,7,Bug,Fighting,71,137,37,137,37,151,570,True
Xurkitree,7,Electric,,83,89,71,173,71,83,570,True
Celesteela,7,Steel,Flying,97,101,103,107,101,61,570,True
Kartana,7,Grass,Steel,59,181,131,59,31,109,570,True
Guzzlord,7,Dark,Dragon,223,101,53,97,53,43,570,True
Necrozma,7,Psychic,,97,107,101,127,89,79,600,True
Magearna,7,Steel,Fairy,80,95,115,130,115,65,600,True
Marshadow,7,Fighting,Ghost,90,125,80,90,90,125,600,True
Poipole,7,Poison,,67,73,67,73,67,73,420,True
Naganadel,7,Poison,Dragon,73,73,73,127,73,121,540,True
Stakataka,7,Rock,Steel,61,131,211,53,101,13,570,True
Blacephalon,7,Fire,Ghost,53,127,53,151,79,107,570,True
Zeraora,7,Electric,,88,112,75,102,80,143,600,True
Meltan,7,Steel,,46,65,65,55,35,34,300,True
Melmetal,7,Steel,,135,143,143,80,65,34,600,True
Grookey,8,Grass,,50,65,50,40,40,65,310,False
Thwackey,8,Grass,,70,85,70,55,60,80,420,False
Rillaboom,8,Grass,,100,125,90,60,70,85,530,False
Scorbunny,8,Fire,,50,71,40,40,40,69,310,False
Raboot,8,Fire,,65,86,60,55,60,94,420,False
Cinderace,8,Fire,,80,116,75,65,75,119,530,False
Sobble,8,Water,,50,40,40,70,40,70,310,False
Drizzile,8,Water,,65,60,55,95,55,90,420,False
Inteleon,8,Water,,70,85,65,125,65,120,530,False
Skwovet,8,Normal,,70,55,55,35,35,25,275,False
Greedent,8,Normal,,120,95,95,55,75,20,460,False
Rookidee,8,Flying,,38,47,35,33,35,57,245,False
Corvisquire,8,Flying,,68,67,55,43,55,77,365,False
Corviknight,8,Flying,Steel,98,87,105,53,85,67,495,False
Blipbug,8,Bug,,25,20,20,25,45,45,180,False
Dottler,8,Bug,Psychic,50,35,80,50,90,30,335,False
Orbeetle,8,Bug,Psychic,60,45,110,80,120,90,505,False
Nickit,8,Dark,,40,28,28,47,52,50,245,False
Thievul,8,Dark,,70,58,58,87,92,90,455,False
Gossifleur,8,Grass,,40,40,60,40,60,10,250,False
Eldegoss,8,Grass,,60,50,90,80,120,60,460,False
Wooloo,8,Normal,,42,40,55,40,45,48,270,False
Dubwool,8,Normal,,72,80,100,60,90,88,490,False
Chewtle,8,Water,,50,64,50,38,38,44,284,False
Drednaw,8,Water,Rock,90,115,90,48,68,74,485,False
Yamper,8,Electric,,59,45,50,40,50,26,270,False
Boltund,8,Electric,,69,90,60,90,60,121,490,False
Rolycoly,8,Rock,,30,40,50,40,50,30,240,False
Carkol,8,Rock,Fire,80,60,90,60,70,50,410,False
Coalossal,8,Rock,Fire,110,80,120,80,90,30,510,False
Applin,8,Grass,Dragon,40,40,80,40,40,20,260,False
Flapple,8,Grass,Dragon,70,110,80,95,60,70,485,False
Appletun,8,Grass,Dragon,110,85,80,100,80,30,485,False
Silicobra,8,Ground,,52,57,75,35,50,46,315,False
Sandaconda,8,Ground,,72,107,125,65,70,71,510,False
Cramorant,8,Flying,Water,70,85,55,85,95,85,475,False
Arrokuda,8,Water,,41,63,40,40,30,66,280,False
Barraskewda,8,Water,,61,123,60,60,50,136,490,False
Toxel,8,Electric,Poison,40,38,35,54,35,40,242,False
Toxtricity,8,Electric,Poison,75,98,70,114,70,75,502,False
Sizzlipede,8,Fire,Bug,50,65,45,50,50,45,305,False
Centiskorch,8,Fire,Bug,100,115,65,90,90,65,525,False
Clobbopus,8,Fighting,,50,68,60,50,50,32,310,False
Grapploct,8,Fighting,,80,118,90,70,80,42,480,False
Sinistea,8,Ghost,,40,45,45,74,54,50,308,False
Polteageist,8,Ghost,,60,65,65,134,114,70,508,False
Hatenna,8,Psychic,,42,30,45,56,53,39,265,False
Hattrem,8,Psychic,,57,40,65,86,73,49,370,False
Hatterene,8,Psychic,Fairy,57,90,95,136,103,29,510,False
Impidimp,8,Dark,Fairy,45,45,30,55,40,50,265,False
Morgrem,8,Dark,Fairy,65,60,45,75,55,70,370,False
Grimmsnarl,8,Dark,Fairy,95,120,65,95,75,60,510,False
Obstagoon,8,Dark,Normal,93,90,101,60,81,95,520,False
Perrserker,8,Steel,,70,110,100,50,60,50,440,False
Cursola,8,Ghost,,60,95,50,145,130,30,510,False
Sirfetch'd,8,Fighting,,62,135,95,68,82,65,507,False
Mr. Rime,8,Ice,Psychic,80,85,75,110,100,70,520,False
Runerigus,8,Ground,Ghost,58,95,145,50,105,30,483,False
Milcery,8,Fairy,,45,40,40,50,61,34,270,False
Alcremie,8,Fairy,,65,60,75,110,121,64,495,False
Falinks,8,Fighting,,65,100,100,70,60,75,470,False
Pincurchin,8,Electric,,48,101,95,91,85,15,435,False
Snom,8,Ice,Bug,30,25,35,45,30,20,185,False
Frosmoth,8,Ice,Bug,70,65,60,125,90,65,475,False
Stonjourner,8,Rock,,100,125,135,20,20,70,470,False
Eiscue,8,Ice,,75,80,110,65,90,50,470,False
Indeedee,8,Psychic,Normal,60,65,55,105,95,95,475,False
Morpeko,8,Electric,Dark,58,95,58,70,58,97,436,False
Cufant,8,Steel,,72,80,49,40,49,40,330,False
Copperajah,8,Steel,,122,130,69,80,69,30,500,False
Dracozolt,8,Electric,Dragon,90,100,90,80,70,75,505,False
Arctozolt,8,Electric,Ice,90,100,90,90,80,55,505,False
Dracovish,8,Water,Dragon,90,90,100,70,80,75,505,False
Arctovish,8,Water,Ice,90,90,100,80,90,55,505,False
Duraludon,8,Steel,Dragon,70,95,115,120,50,85,535,False
Dreepy,8,Dragon,Ghost,28,60,30,40,30,82,270,False
Drakloak,8,Dragon,Ghost,68,80,50,60,50,102,410,False
Dragapult,8,Dragon,Ghost,88,120,75,100,75,142,600,False
Zacian,8,Fairy,,92,120,115,80,115,138,660,True
Zamazenta,8,Fighting,,92,120,115,80,115,138,660,True
Eternatus,8,Poison,Dragon,140,85,95,145,95,130,690,True
Kubfu,8,Fighting,,60,90,60,53,50,72,385,True
Urshifu,8,Fighting,Dark,100,130,100,63,60,97,550,True
Zarude,8,Dark,Grass,105,120,105,70,95,105,600,True
Regieleki,8,Electric,,80,100,50,100,50,200,580,True
Regidrago,8,Dragon,,200,100,50,100,50,80,580,True
Glastrier,8,Ice,,100,145,130,65,110,30,580,True
Spectrier,8,Ghost,,100,65,60,145,80,130,580,True
Calyrex,8,Psychic,Grass,100,80,80,80,80,80,500,True
Wyrdeer,8,Normal,Psychic,103,105,72,105,75,65,525,False
Kleavor,8,Bug,Rock,70,135,95,45,70,85,500,False
Ursaluna,8,Ground,Normal,130,140,105,45,80,50,550,False
Basculegion,8,Water,Ghost,120,112,65,80,75,78,530,False
Sneasler,8,Fighting,Poison,80,130,60,40,80,120,510,False
Overqwil,8,Dark,Poison,85,115,95,65,65,85,510,False
Enamorus,8,Fairy,Flying,74,115,70,135,80,106,580,True
Sprigatito,9,Grass,,40,61,54,45,45,65,310,False
Floragato,9,Grass,,61,80,63,60,63,83,410,False
Meowscarada,9,Grass,Dark,76,110,70,81,70,123,530,False
Fuecoco,9,Fire,,67,45,59,63,40,36,310,False
Crocalor,9,Fire,,81,55,78,90,58,49,411,False
Skeledirge,9,Fire,Ghost,104,75,100,110,75,66,530,False
Quaxly,9,Water,,55,65,45,50,45,50,310,False
Quaxwell,9,Water,,70,85,65,65,60,65,410,False
Quaquaval,9,Water,Fighting,85,120,80,85,75,85,530,False
Lechonk,9,Normal,,54,45,40,35,45,35,254,False
Oinkologne,9,Normal,,110,100,75,59,80,65,489,False
Tarountula,9,Bug,,35,41,45,29,40,20,210,False
Spidops,9,Bug,,60,79,92,52,86,35,404,False
Nymble,9,Bug,,33,46,40,21,25,45,210,False
Lokix,9,Bug,Dark,71,102,78,52,55,92,450,False
Pawmi,9,Electric,,45,50,20,40,25,60,240,False
Pawmo,9,Electric,Fighting,60,75,40,50,40,85,350,False
Pawmot,9,Electric,Fighting,70,115,70,70,60,105,490,False
Tandemaus,9,Normal,,50,50,45,40,45,75,305,False
Maushold,9,Normal,,74,75,70,65,75,111,470,False
Fidough,9,Fairy,,37,55,70,30,55,65,312,False
Dachsbun,9,Fairy,,57,80,115,50,80,95,477,False
Smoliv,9,Grass,Normal,41,35,45,58,51,30,260,False
Dolliv,9,Grass,Normal,52,53,60,78,78,33,354,False
Arboliva,9,Grass,Normal,78,69,90,125,109,39,510,False
Squawkabilly,9,Normal,Flying,82,96,51,45,51,92,417,False
Nacli,9,Rock,,55,55,75,35,35,25,280,False
Naclstack,9,Rock,,60,60,100,35,65,35,355,False
Garganacl,9,Rock,,100,100,130,45,90,35,500,False
Charcadet,9,Fire,,40,50,40,50,40,35,255,False
Armarouge,9,Fire,Psychic,85,60,100,125,80,75,525,False
Ceruledge,9,Fire,Ghost,75,125,80,60,100,85,525,False
Tadbulb,9,Electric,,61,31,41,59,35,45,272,False
Bellibolt,9,Electric,,109,64,91,103,83,45,495,False
Wattrel,9,Electric,Flying,40,40,35,55,40,70,280,False
Kilowattrel,9,Electric,Flying,70,70,60,105,60,125,490,False
Maschiff,9,Dark,,60,78,60,40,51,51,340,False
Mabosstiff,9,Dark,,80,120,90,60,70,85,505,False
Shroodle,9,Poison,Normal,40,65,35,40,35,75,290,False
Grafaiai,9,Poison,Normal,63,95,65,80,72,110,485,False
Bramblin,9,Grass,Ghost,40,65,30,45,35,60,275,False
Brambleghast,9,Grass,Ghost,55,115,70,80,70,90,480,False
Toedscool,9,Ground,Grass,40,40,35,50,100,70,335,False
Toedscruel,9,Ground,Grass,80,70,65,80,120,100,515,False
Klawf,9,Rock,,70,100,115,35,55,75,450,False
Capsakid,9,Grass,,50,62,40,62,40,50,304,False
Scovillain,9,Grass,Fire,65,108,65,108,65,75,486,False
Rellor,9,Bug,,41,50,60,31,58,30,270,False
Rabsca,9,Bug,Psychic,75,50,85,115,100,45,470,False
Flittle,9,Psychic,,30,35,30,55,30,75,255,False
Espathra,9,Psychic,,95,60,60,101,60,105,481,False
Tinkatink,9,Fairy,Steel,50,45,45,35,64,58,297,False
Tinkatuff,9,Fairy,Steel,65,55,55,45,82,78,380,False
Tinkaton,9,Fairy,Steel,85,75,77,70,105,94,506,False
Wiglett,9,Water,,10,55,25,35,25,95,245,False
Wugtrio,9,Water,,35,100,50,50,70,120,425,False
Bombirdier,9,Flying,Dark,70,103,85,60,85,82,485,False
Finizen,9,Water,,70,45,40,45,40,75,315,False
Palafin,9,Water,,100,70,72,53,62,100,457,False
Varoom,9,Steel,Poison,45,70,63,30,45,47,300,False
Revavroom,9,Steel,Poison,80,119,90,54,67,90,500,False
Cyclizar,9,Dragon,Normal,70,95,65,85,65,121,501,False
Orthworm,9,Steel,,70,85,145,60,55,65,480,False
Glimmet,9,Rock,Poison,48,35,42,105,60,60,350,False
Glimmora,9,Rock,Poison,83,55,90,130,81,86,525,False
Greavard,9,Ghost,,50,61,60,30,55,34,290,False
Houndstone,9,Ghost,,72,101,100,50,97,68,488,False
Flamigo,9,Flying,Fighting,82,115,74,75,64,90,500,False
Cetoddle,9,Ice,,108,68,45,30,40,43,334,False
Cetitan,9,Ice,,170,113,65,45,55,73,521,False
Veluza,9,Water,Psychic,90,102,73,78,65,70,478,False
Dondozo,9,Water,,150,100,115,65,65,35,530,False
Tatsugiri,9,Dragon,Water,68,50,60,120,95,82,475,False
Annihilape,9,Fighting,Ghost,110,115,80,50,90,90,535,False
Clodsire,9,Poison,Ground,130,75,60,45,100,20,430,False
Farigiraf,9,Normal,Psychic,120,90,70,110,70,60,520,False
Dudunsparce,9,Normal,,125,100,80,85,75,55,520,False
Kingambit,9,Dark,Steel,100,135,120,60,85,50,550,False
Great Tusk,9,Ground,Fighting,115,131,131,53,53,87,570,False
Scream Tail,9,Fairy,Psychic,115,65,99,65,115,111,570,False
Brute Bonnet,9,Grass,Dark,111,127,99,79,99,55,570,False
Flutter Mane,9,Ghost,Fairy,55,55,55,135,135,135,570,False
Slither Wing,9,Bug,Fighting,85,135,79,85,105,81,570,False
Sandy Shocks,9,Electric,Ground,85,81,97,121,85,101,570,False
Iron Treads,9,Ground,Steel,90,112,120,72,70,106,570,False
Iron Bundle,9,Ice,Water,56,80,114,124,60,136,570,False
Iron Hands,9,Fighting,Electric,154,140,108,50,68,50,570,False
Iron Jugulis,9,Dark,Flying,94,80,86,122,80,108,570,False
Iron Moth,9,Fire,Poison,80,70,60,140,110,110,570,False
Iron Thorns,9,Rock,Electric,100,134,110,70,84,72,570,False
Frigibax,9,Dragon,Ice,65,75,45,35,45,55,320,False
Arctibax,9,Dragon,Ice,90,95,66,45,65,62,423,False
Baxcalibur,9,Dragon,Ice,115,145,92,75,86,87,600,False
Gimmighoul,9,Ghost,,45,30,70,75,70,10,300,False
Gholdengo,9,Steel,Ghost,87,60,95,133,91,84,550,False
Wo-Chien,9,Dark,Grass,85,85,100,95,135,70,570,True
Chien-Pao,9,Dark,Ice,80,120,80,90,65,135,570,True
Ting-Lu,9,Dark,Ground,155,110,125,55,80,45,570,True
Chi-Yu,9,Dark,Fire,55,80,80,135,120,100,570,True
Roaring Moon,9,Dragon,Dark,105,139,71,55,101,119,590,False
Iron Valiant,9,Fairy,Fighting,74,130,90,120,60,116,590,False
Koraidon,9,Fighting,Dragon,100,135,115,85,100,135,670,True
Miraidon,9,Electric,Dragon,100,85,100,135,115,135,670,True
Walking Wake,9,Water,Dragon,99,83,91,125,83,109,590,True
Iron Leaves,9,Grass,Psychic,90,130,88,70,108,104,590,True
Dipplin,9,Grass,Dragon,80,80,110,95,80,40,485,False
Poltchageist,9,Grass,Ghost,40,45,45,74,54,50,308,False
Sinistcha,9,Grass,Ghost,71,60,106,121,80,70,508,False
Okidogi,9,Poison,Fighting,88,128,115,58,86,80,555,True
Munkidori,9,Poison,Psychic,88,75,66,130,90,106,555,True
Fezandipiti,9,Poison,Fairy,88,91,82,70,125,99,555,True
Ogerpon,9,Grass,,80,120,84,60,96,110,550,True
Archaludon,9,Steel,Dragon,90,105,130,125,65,85,600,False
Hydrapple,9,Grass,Dragon,106,80,110,120,80,44,540,False
Gouging Fire,9,Fire,Dragon,105,115,121,65,93,91,590,True
Raging Bolt,9,Electric,Dragon,125,73,91,137,89,75,590,True
Iron Boulder,9,Rock,Psychic,90,120,80,68,108,124,590,True
Iron Crown,9,Steel,Psychic,90,72,100,122,108,98,590,True
Terapagos,9,Normal,,90,65,85,65,85,60,450,True
Pecharunt,9,Poison,Ghost,88,88,160,88,88,88,600,True
